Username;Time;message content
NeutraleTomate;04.03.2021 11:24:39;!throne
NeutraleTomate;04.03.2021 11:26:00;!throne
NeutraleTomate;04.03.2021 11:26:08;!send it works!
NeutraleTomate;04.03.2021 11:26:12;!wp
NeutraleTomate;21.03.2021 12:28:29;!pit
NeutraleTomate;21.03.2021 12:28:33;!heresy
NeutraleTomate;21.03.2021 12:30:48;!dsc 3
NeutraleTomate;21.03.2021 12:32:50;!dsc 3
NeutraleTomate;22.03.2021 13:46:48;!wp
NeutraleTomate;22.03.2021 14:10:48;!send <:eis:823552815376891974>
NeutraleTomate;22.03.2021 14:11:10;!wp
NeutraleTomate;22.03.2021 14:12:46;!wp
NeutraleTomate;22.03.2021 14:13:27;!wp
NeutraleTomate;22.03.2021 14:41:31;!wp
NeutraleTomate;22.03.2021 17:33:55;!wp
NeutraleTomate;22.03.2021 17:34:26;!wp
NeutraleTomate;22.03.2021 18:21:47;!wp
NeutraleTomate;22.03.2021 18:21:58;!wp
NeutraleTomate;22.03.2021 18:23:12;!wp
NeutraleTomate;22.03.2021 18:23:21;!wp
NeutraleTomate;22.03.2021 18:24:59;!wp
NeutraleTomate;22.03.2021 18:28:59;!wp
NeutraleTomate;22.03.2021 18:29:46;!wp
NeutraleTomate;22.03.2021 18:29:46;!wp
NeutraleTomate;22.03.2021 18:30:31;!wp
NeutraleTomate;22.03.2021 18:30:31;!wp
NeutraleTomate;23.03.2021 20:22:19;!wp
NeutraleTomate;23.03.2021 20:22:33;!wpx
NeutraleTomate;23.03.2021 20:22:33;!wpx
NeutraleTomate;23.03.2021 20:23:31;!wpx
NeutraleTomate;23.03.2021 20:23:31;!wpx
NeutraleTomate;23.03.2021 20:25:14;!wpx
NeutraleTomate;23.03.2021 20:25:14;!wpx
NeutraleTomate;23.03.2021 20:26:26;!wpx
NeutraleTomate;23.03.2021 20:26:26;!wpx
NeutraleTomate;23.03.2021 20:26:54;!wpx
NeutraleTomate;23.03.2021 20:26:54;!wpx
NeutraleTomate;23.03.2021 20:27:28;!wp
NeutraleTomate;23.03.2021 20:27:38;!wpx
NeutraleTomate;23.03.2021 20:29:55;!wpx
NeutraleTomate;23.03.2021 20:33:15;!wpx
NeutraleTomate;23.03.2021 20:34:36;`!wpx`
NeutraleTomate;23.03.2021 20:34:38;!wpx
NeutraleTomate;23.03.2021 20:35:28;!wpx
